Date,eq_buyhold,eq_strat
2021-03-22,0.9438983408307242,1.0
2021-03-23,0.9937665229623562,1.0
2021-03-24,0.9563653863636322,1.0
2021-03-25,0.9956844807210079,1.0
2021-03-26,1.0050347420062837,1.0
2021-03-29,0.9870534421630238,1.0
2021-03-30,0.9717094142633279,1.0
2021-03-31,1.0031167842476318,1.0
2021-04-01,0.9657156476489078,1.0
2021-04-05,0.9757852231190961,1.0
2021-04-06,0.9796212300940201,1.0
2021-04-07,0.978662205485884,1.0
2021-04-08,0.974346686206892,0.9945903893551816
2021-04-09,0.9805802547021563,1.0009534707968735
2021-04-12,0.9925677879309961,1.0131900653378727
2021-04-13,1.0318868822883718,1.0533260804951015
2021-04-14,1.0374011365987237,1.0589549027810243
2021-04-15,1.0352433769592277,1.056752312029332
2021-04-16,1.0385998716300837,1.0601785435635627
2021-04-19,1.024694380642592,1.0459841424420633
2021-04-20,1.001438536912204,1.022245119158026
2021-04-21,1.0091105508620521,1.030076532195641
2021-04-22,1.0179812998432598,1.0391315860157944
2021-04-23,1.014864607053248,1.0359501386527559
2021-04-26,1.0335651296237998,1.034914188514103
2021-04-27,1.0436346136363674,1.034914188514103
2021-04-28,1.0611364011755593,1.034914188514103
2021-04-29,1.0374011365987237,1.034914188514103
2021-04-30,1.0544234118338474,1.034914188514103
2021-05-03,1.0757612063479634,1.034914188514103
2021-05-04,1.0707264643416794,1.0290357031807436
2021-05-05,1.0647326977272595,1.0232753152122225
2021-05-06,1.0652122100313277,1.0237361567972896
2021-05-07,1.0664109450626875,1.0227124206404923
2021-05-10,1.0757612063479634,1.0306568220674348
2021-05-11,1.0841525344827236,1.0386963196225267
2021-05-12,1.0503476944356998,1.0376576233029042
2021-05-13,1.0719251993730394,1.0376576233029042
2021-05-14,1.0882282518808712,1.0376576233029042
2021-05-17,1.0750419836206715,1.0376576233029042
2021-05-18,1.0412371435736476,1.0376576233029042
2021-05-19,1.0184608121473275,1.0376576233029042
2021-05-20,1.0477104224921354,1.0376576233029042
2021-05-21,1.0793575028996634,1.0376576233029042
2021-05-24,1.0769599413793232,1.0376576233029042
2021-05-25,1.0836730221786552,1.0376576233029042
2021-05-26,1.092064258855795,1.0376576233029042
2021-05-27,1.0889474746081629,1.0376576233029042
2021-05-28,1.1107648728839672,1.0376576233029042
2021-06-01,1.124430653448235,1.0493863050976633
2021-06-02,1.1261089007836629,1.0509525464349694
2021-06-03,1.1330616005485985,1.057441223966487
2021-06-04,1.1333014024294428,1.0576650215025314
2021-06-07,1.1479262076018468,1.0713137691737
2021-06-08,1.140733705956067,1.064601294106138
2021-06-09,1.146727472570487,1.0701950375547318
2021-06-10,1.1524814373040626,1.075564983467281
2021-06-11,1.1584752039184827,1.0811587269158747
2021-06-14,1.1742987441222468,1.0959262062060118
2021-06-15,1.1687844898118949,1.0907799724757559
2021-06-16,1.151762214576771,1.0748937615666503
2021-06-17,1.1594342285266188,1.08205374635255
2021-06-18,1.183409294984299,1.1044287201469245
2021-06-21,1.1848477404388826,1.1033242914267776
2021-06-22,1.192040333542283,1.108918673868868
2021-06-23,1.1949173159090707,1.1078097551949992
2021-06-24,1.2047470894984145,1.1078097551949992
2021-06-25,1.1877248142632908,1.1078097551949992
2021-06-28,1.1961160509404305,1.1078097551949992
2021-06-29,1.1958763405172066,1.1064799322454655
2021-06-30,1.2136178384796223,1.1228951842228536
2021-07-01,1.2210501420062465,1.1297718941500776
2021-07-02,1.1963558528212748,1.1069235991395583
2021-07-06,1.1666267301723987,1.1058166755404186
2021-07-07,1.1872453019592226,1.1058166755404186
2021-07-08,1.2085830964733386,1.1058166755404186
2021-07-09,1.2061856264106188,1.1058166755404186
2021-07-12,1.2263246858933747,1.1058166755404186
2021-07-13,1.1915608212382147,1.1058166755404186
2021-07-14,1.1757372810344509,1.1058166755404186
2021-07-15,1.1781347510971707,1.1058166755404186
2021-07-16,1.0990170500783512,1.1058166755404186
2021-07-19,1.115080300705339,1.1058166755404186
2021-07-20,1.1572764688871229,1.1058166755404186
2021-07-21,1.1788539738244626,1.1058166755404186
2021-07-22,1.186046566927863,1.1058166755404186
2021-07-23,1.1908415070533027,1.1058166755404186
2021-07-26,1.186046566927863,1.1058166755404186
2021-07-27,1.192040333542283,1.1058166755404186
2021-07-28,1.2140973507836905,1.1251724294945822
2021-07-29,1.2145768630877587,1.1256168205673347
2021-07-30,1.1790937757053068,1.0927326440140206
2021-08-02,1.1711819598746147,1.0854003184519991
2021-08-03,1.1316231550940152,1.0487389449186841
2021-08-04,1.1532006600313547,1.0687360346389658
2021-08-05,1.1404939040752229,1.05695996786728
2021-08-06,1.1172380603448349,1.0559030078994127
2021-08-09,1.143131176018787,1.0559030078994127
2021-08-10,1.157995691614415,1.0559030078994127
2021-08-11,1.153200660031355,1.0559030078994127
2021-08-12,1.1371374094043671,1.0559030078994127
2021-08-13,1.1277871481190913,1.0559030078994127
2021-08-16,1.1167586394983875,1.0559030078994127
2021-08-17,1.0884680537617155,1.0280981606541033
2021-08-18,1.0733637362852435,1.0138315765666515
2021-08-19,1.0412371435736476,0.9834868266580741
2021-08-20,1.099256760501575,0.982503339831416
2021-08-23,1.135698872492163,0.982503339831416
2021-08-24,1.1462479602664193,0.982503339831416
2021-08-25,1.1383361444357272,0.982503339831416
2021-08-26,1.1543994865203353,0.982503339831416
2021-08-27,1.1603932531347552,0.982503339831416
2021-08-30,1.1517622145767712,0.9742129482506589
2021-08-31,1.149124942633207,0.971982223502997
2021-09-01,1.173579521394955,0.9926670202190143
2021-09-02,1.1666267301723987,0.9867860326768186
2021-09-03,1.151762214576771,0.9857992466441419
2021-09-07,1.1649484828369707,0.9960996427184038
2021-09-08,1.1448094233542148,0.9788795593833837
2021-09-09,1.1699832248432545,1.0004046440017442
2021-09-10,1.1862862773510863,1.0143447151873155
2021-09-13,1.1822105599529384,1.0108597364917518
2021-09-14,1.2152960858150499,1.0391498119551248
2021-09-15,1.2155358876958942,1.039354856702898
2021-09-16,1.206425336833842,1.0383155018461951
2021-09-17,1.189163259717874,1.0224205004672
2021-09-20,1.1886838388714265,1.0220083033212206
2021-09-21,1.2102613438087662,1.040560241599319
2021-09-22,1.2318389402037262,1.0591122585109818
2021-09-23,1.2423879365203618,1.0580531462524707
2021-09-24,1.2685207626175379,1.0580531462524707
2021-09-27,1.256293518965474,1.0580531462524707
2021-09-28,1.2543754697492018,1.0580531462524707
2021-09-29,1.260129525940398,1.0618485818770294
2021-09-30,1.2769119992946774,1.0759903388669163
2021-10-01,1.3064014115203295,1.100839602301822
2021-10-04,1.3337329726488654,1.1238705517616903
2021-10-05,1.2984895956896374,1.0941727079493362
2021-10-06,1.3272596937303773,1.0930785352413868
2021-10-07,1.3298969656739414,1.0930785352413868
2021-10-08,1.3469192409090651,1.0930785352413868
2021-10-11,1.3452409935736371,1.0906234922442344
2021-10-12,1.346439728604997,1.0915953393648785
2021-10-13,1.362023558385537,1.0905037440255136
2021-10-14,1.3701750846394527,1.0905037440255136
2021-10-15,1.3656197634796163,1.0905037440255136
2021-10-18,1.3766482721003201,1.0905037440255136
2021-10-19,1.3934308369122201,1.0905037440255136
2021-10-20,1.3764085616770965,1.0760915493988106
2021-10-21,1.3912730772727242,1.087712793311208
2021-10-22,1.3864781371472845,1.0839640556961414
2021-10-25,1.4013426527429125,1.0955852996085391
2021-10-26,1.3641813180250328,1.0665321540762518
2021-10-27,1.3761688512538728,1.0654656219221756
2021-10-28,1.3701750846394527,1.0654656219221756
2021-10-29,1.3792855440438843,1.0654656219221756
2021-11-01,1.3792855440438843,1.0654656219221756
2021-11-02,1.3267801814263087,1.0654656219221756
2021-11-03,1.3167106059561207,1.0654656219221756
2021-11-04,1.3557899898902726,1.0654656219221756
2021-11-05,1.3687365477272486,1.0654656219221756
2021-11-08,1.3898346318181407,1.0654656219221756
2021-11-09,1.3502757355799206,1.0654656219221756
2021-11-10,1.3478782655172008,1.0654656219221756
2021-11-11,1.3421242093260046,1.0654656219221756
2021-11-12,1.3442819689655008,1.0654656219221756
2021-11-15,1.3473987532131328,1.0654656219221756
2021-11-16,1.318628655172393,1.041649986516706
2021-11-17,1.3318149234325927,1.0406083365301892
2021-11-18,1.2893790448275848,1.0406083365301892
2021-11-19,1.305442386912193,1.0406083365301892
2021-11-22,1.3473987532131328,1.0406083365301892
2021-11-23,1.339726739263285,1.0406083365301892
2021-11-24,1.1898825739027858,1.0406083365301892
2021-11-26,1.2028290402821413,1.0406083365301892
2021-11-29,1.1486454303291378,1.0406083365301892
2021-11-30,1.12778714811909,1.0406083365301892
2021-12-01,1.15775598119119,1.0406083365301892
2021-12-02,1.150803189968634,1.0406083365301892
2021-12-03,1.2109805665360573,1.0406083365301892
2021-12-06,1.2368736822100093,1.0406083365301892
2021-12-07,1.256772939811921,1.0406083365301892
2021-12-08,1.2232079016457413,1.0406083365301892
2021-12-09,1.247422678526645,1.0406083365301892
2021-12-10,1.233277385658309,1.0277676303320127
2021-12-13,1.220810340125401,1.017378056993847
2021-12-14,1.237592904937301,1.0313640240343542
2021-12-15,1.243586671551721,1.0363590068190076
2021-12-16,1.2174538454545452,1.0145808788292234
2021-12-17,1.1963558528212737,0.9969985943037636
2021-12-20,1.2363941699059413,1.0303650427209015
2021-12-21,1.2582114767241253,1.048546777008344
2021-12-22,1.2737953065046654,1.0615337627353982
2021-12-23,1.3071206342476211,1.0893058548232886
2021-12-27,1.3107168393417008,1.0882165489684652
2021-12-28,1.3205467043886654,1.0952895320754088
2021-12-29,1.321026125235113,1.0956871739254301
2021-12-30,1.3032846272726972,1.0809719980539587
2021-12-31,1.3145529377742455,1.0903181745242827
2022-01-03,1.3327739480407295,1.1054310681026718
2022-01-04,1.3289379410658055,1.102249402304227
2022-01-05,1.3639415161441892,1.1312821121971484
2022-01-06,1.358666972257061,1.1269072932779507
2022-01-07,1.3464397286049974,1.1257803859846727
2022-01-10,1.3943898615203572,1.1257803859846727
2022-01-11,1.4123711613636172,1.1257803859846727
2022-01-12,1.3970271334639213,1.1257803859846727
2022-01-13,1.4377847647335011,1.157498736369949
2022-01-14,1.461759831191181,1.1563412376335789
2022-01-18,1.4636777889498327,1.1563412376335789
2022-01-19,1.4543275276645569,1.1477979613830347
2022-01-20,1.4572045100313447,1.1466501634216517
2022-01-21,1.441141259404357,1.1466501634216517
2022-01-24,1.4617598311911808,1.1466501634216517
2022-01-25,1.4787821064263047,1.1466501634216517
2022-01-26,1.4830976257052968,1.1466501634216517
2022-01-27,1.4857348976488607,1.1466501634216517
2022-01-28,1.4979621413009245,1.1466501634216517
2022-01-31,1.4991608763322846,1.1466501634216517
2022-02-01,1.4989211659090609,1.1453201680280398
2022-02-02,1.5226564304858965,1.1634561966809174
2022-02-03,1.5562216515673168,1.1891032590636519
2022-02-04,1.5507073057993446,1.184889767677193
2022-02-07,1.5252937024294606,1.165471326505111
2022-02-08,1.5384799706896604,1.1755469057436467
2022-02-09,1.5334452286833764,1.1716998778333312
2022-02-10,1.576120817711608,1.2043081389668424
2022-02-11,1.5909854247648563,1.2156661307245824
2022-02-14,1.5411172426332242,1.2144504645938579
2022-02-15,1.5233757446708087,1.2144504645938579
2022-02-16,1.5384799706896601,1.2144504645938579
2022-02-17,1.552145751253928,1.2144504645938579
2022-02-18,1.5713258775861683,1.2144504645938579
2022-02-22,1.5881083509404477,1.2144504645938579
2022-02-23,1.5905058210031675,1.2144504645938579
2022-02-24,1.5775594460814324,1.2144504645938579
2022-02-25,1.617837565046944,1.2144504645938579
2022-02-28,1.721889265673959,1.2144504645938579
2022-03-01,1.8081994683385585,1.2144504645938579
2022-03-02,1.7868616738244427,1.198904799617357
2022-03-03,1.905058758777414,1.278209792570505
2022-03-04,1.974826289968578,1.3250207064917345
2022-03-07,2.0481899347962016,1.3742444529012747
2022-03-08,1.809398294827539,1.214025871093438
2022-03-09,1.7755933633228946,1.2128118452223444
2022-03-10,1.831695113949791,1.2128118452223444
2022-03-11,1.7463437529780867,1.2128118452223444
2022-03-14,1.6454087451410835,1.2128118452223444
2022-03-15,1.6370175084639436,1.2128118452223444
2022-03-16,1.7664829039184633,1.2128118452223444
2022-03-17,1.789498945768007,1.2128118452223444
2022-03-18,1.9069768079936864,1.2128118452223444
2022-03-21,1.883481162382454,1.2128118452223444
2022-03-22,1.9647566230407696,1.2128118452223444
2022-03-23,1.9120115499999701,1.2128118452223444
2022-03-24,1.9357468145768058,1.2266545962100313
2022-03-25,1.7868616738244427,1.1323082484149605
2022-03-28,1.8257013473353707,1.156920384500481
2022-03-29,1.8678975155171547,1.1836594824304716
2022-03-30,1.777031991692719,1.1824758229480412
2022-03-31,1.7782306352664587,1.1824758229480412
2022-04-01,1.8427236225704948,1.1824758229480412
2022-04-04,1.7933350442005513,1.1824758229480412
2022-04-05,1.7513786778996117,1.1824758229480412
2022-04-06,1.7528171233541954,1.1824758229480412
2022-04-07,1.776792189811875,1.1824758229480412
2022-04-08,1.7333973780563516,1.1824758229480412
2022-04-11,1.821625629937223,1.2414802241048442
2022-04-12,1.8801246677115984,1.2402387438807394
2022-04-13,1.9076960307209785,1.2571861674834486
2022-04-14,1.9278351816613548,1.2704580208496967
2022-04-18,1.842723622570495,1.2143688572414146
2022-04-19,1.8518340819749266,1.2203727191555909
2022-04-20,1.8729322575234388,1.2342765770195205
2022-04-21,1.8295372628526743,1.2056789460764583
2022-04-22,1.7897387476488509,1.1794514224066015
2022-04-25,1.8331335594043745,1.178271970984195
2022-04-26,1.830975891222499,1.178271970984195
2022-04-27,1.8719732329153027,1.178271970984195
2022-04-28,1.849916215673895,1.178271970984195
2022-04-29,1.879165643103462,1.178271970984195
2022-05-02,1.8386479051723468,1.178271970984195
2022-05-03,1.9232798605015182,1.2313289120376434
2022-05-04,1.9295134289967824,1.2300975831256058
2022-05-05,1.9690721423197615,1.2540868371773926
2022-05-06,1.8357708313479384,1.1691882619168086
2022-05-09,1.7868616738244425,1.1680190736548917
2022-05-10,1.8743707029780223,1.1680190736548917
2022-05-11,1.8995445959246824,1.1680190736548917
2022-05-12,1.9486933724137816,1.1680190736548917
2022-05-13,1.9925677879309935,1.1680190736548917
2022-05-16,1.9446176550156338,1.1680190736548917
2022-05-17,1.9009830413792659,1.1680190736548917
2022-05-18,1.931910899059502,1.1680190736548917
2022-05-19,1.9575642128526096,1.1680190736548917
2022-05-20,1.9652362268024577,1.1680190736548917
2022-05-23,1.9659554495297495,1.1672785176272695
2022-05-24,1.977463561912142,1.1661112391096422
2022-05-25,2.028050783855825,1.1947764376352603
2022-05-26,2.048909157523493,1.2070646375087075
2022-05-27,2.049148959404337,1.2072059109123194
2022-05-31,2.050827206739765,1.2081946092175369
2022-06-01,2.0918245484325686,1.2323471887535953
2022-06-02,2.1450492252350566,1.263703203233401
2022-06-03,2.1191561095611045,1.248448908444301
2022-06-06,2.1587150057993245,1.2717540630787538
2022-06-07,2.205466312225704,1.299296449981268
2022-06-08,2.1836490968651403,1.2864433720134392
2022-06-09,2.1608726739812,1.2730252004311624
2022-06-10,2.1663870197491724,1.2762738421540392
2022-06-13,2.120594555015688,1.274997568311885
2022-06-14,2.0841525344827208,1.274997568311885
2022-06-15,2.1016544134795327,1.274997568311885
2022-06-16,1.9980819507837244,1.274997568311885
2022-06-17,2.0151044089340893,1.274997568311885
2022-06-21,1.939103309247661,1.274997568311885
2022-06-22,1.893550829310262,1.274997568311885
2022-06-23,1.948453570532937,1.274997568311885
2022-06-24,1.9882522686520012,1.274997568311885
2022-06-27,2.0311676595610773,1.274997568311885
2022-06-28,1.988731689498449,1.274997568311885
2022-06-29,1.9263965532915297,1.274997568311885
2022-06-30,1.9580436336990574,1.274997568311885
2022-07-01,1.7928554404388624,1.274997568311885
2022-07-05,1.7662431020376186,1.274997568311885
2022-07-06,1.8352914105014908,1.274997568311885
2022-07-07,1.8830017415360063,1.274997568311885
2022-07-08,1.8755695294670025,1.274997568311885
2022-07-11,1.7456245302507947,1.274997568311885
2022-07-12,1.7547351725704674,1.274997568311885
2022-07-13,1.746583554858931,1.274997568311885
2022-07-14,1.7679213493730468,1.274997568311885
2022-07-15,1.8415247960815142,1.274997568311885
2022-07-18,1.8712540101880106,1.274997568311885
2022-07-19,1.8614241451410463,1.274997568311885
2022-07-20,1.8098777156739863,1.274997568311885
2022-07-21,1.7868616738244425,1.274997568311885
2022-07-22,1.8273795946707985,1.3026337345504435
2022-07-25,1.8019660827585349,1.2845179046337383
2022-07-26,1.8669384909090183,1.330832994787214
2022-07-27,1.8491968100313616,1.3181859716474884
2022-07-28,1.87125401018801,1.333909280092857
2022-07-29,1.8012466771160016,1.3325753708127641
2022-08-01,1.8204268034482416,1.3454323921718911
2022-08-02,1.7628866073667617,1.3440869597797191
2022-08-03,1.714936474451402,1.3061839993779842
2022-08-04,1.7151762763322462,1.3048778153786063
2022-08-05,1.7631264092476058,1.3048778153786063
2022-08-08,1.7609685581504892,1.3048778153786063
2022-08-09,1.7818269318181574,1.3048778153786063
2022-08-10,1.8288180401253809,1.3048778153786063
2022-08-11,1.7976505634795417,1.3048778153786063
2022-08-12,1.747302777586221,1.3048778153786063
2022-08-15,1.7079836832288453,1.274209615644519
2022-08-16,1.7274036114419298,1.288697493665379
2022-08-17,1.7791896598745929,1.3273315166464352
2022-08-18,1.7755933633228926,1.3246485661640144
2022-08-19,1.7904579703761407,1.3233239175978504
2022-08-22,1.8420043998432005,1.3233239175978504
2022-08-23,1.8710142083071644,1.3233239175978504
2022-08-24,1.8340925840125084,1.3233239175978504
2022-08-25,1.8185087542319682,1.3107566385734466
2022-08-26,1.8865980380877043,1.3598344781064826
2022-08-29,1.8093982948275367,1.3041899420332057
2022-08-30,1.752817123354193,1.3028857520911725
2022-08-31,1.7010308920062887,1.3028857520911725
2022-09-01,1.7125390043886808,1.3028857520911725
2022-09-02,1.7122992025078365,1.3028857520911725
2022-09-06,1.6211940597177976,1.3028857520911725
2022-09-07,1.6324621873041048,1.3028857520911725
2022-09-08,1.7046271885579884,1.3028857520911725
2022-09-09,1.735075625391777,1.3028857520911725
2022-09-12,1.726444586833793,1.3028857520911725
2022-09-13,1.743706663949761,1.3028857520911725
2022-09-14,1.6725006873040131,1.3028857520911725
2022-09-15,1.675857181974869,1.3028857520911725
2022-09-16,1.6794534785265693,1.3043787868912036
2022-09-19,1.6595541294670373,1.2889235872574696
2022-09-20,1.6466075716300612,1.2788684022691796
2022-09-21,1.6535603628526174,1.284268416914624
2022-09-22,1.5660513336990378,1.2829841484977094
2022-09-23,1.5152242184168903,1.2829841484977094
2022-09-26,1.5444737373040778,1.2829841484977094
2022-09-27,1.609446145454561,1.2829841484977094
2022-09-28,1.600815106896577,1.2829841484977094
2022-09-29,1.5650923090909015,1.2829841484977094
2022-09-30,1.627667247178665,1.2829841484977094
2022-10-03,1.6849676413793009,1.2829841484977094
2022-10-04,1.724766339498365,1.2829841484977094
2022-10-05,1.7499400495297843,1.300426872399951
2022-10-06,1.800527454388708,1.3380197149097255
2022-10-07,1.7688803739811803,1.3145019299398863
2022-10-10,1.7202110183385286,1.2783344406838397
2022-10-11,1.7005514711598408,1.2637249096560483
2022-10-12,1.7386717390282362,1.2920530919457593
2022-10-13,1.6823303694357368,1.2501843256039689
2022-10-14,1.6813713448276006,1.248934141278365
2022-10-17,1.6470869924765088,1.248934141278365
2022-10-18,1.6792136766457249,1.248934141278365
2022-10-19,1.6825701713165808,1.248934141278365
2022-10-20,1.6919204326018566,1.248934141278365
2022-10-21,1.6873651114420203,1.248934141278365
2022-10-24,1.6928794572099926,1.248934141278365
2022-10-25,1.7494606286833363,1.248934141278365
2022-10-26,1.7650444584638763,1.25881045153852
2022-10-27,1.745864332131636,1.245131394689229
2022-10-28,1.7149364744514002,1.2230739840076537
2022-10-31,1.7530569252350363,1.2502610736210018
2022-11-01,1.77607296708458,1.2666758635682582
2022-11-02,1.7571326426331841,1.253167830804201
2022-11-03,1.8417645979623556,1.313526418029375
2022-11-04,1.8355310294670912,1.3090807049853823
2022-11-07,1.7854232283698561,1.307771624280397
2022-11-08,1.7182929691222562,1.307771624280397
2022-11-09,1.731958749686524,1.307771624280397
2022-11-10,1.7832653772727396,1.307771624280397
2022-11-11,1.7240471167710727,1.307771624280397
2022-11-14,1.756173618025048,1.307771624280397
2022-11-15,1.7271638095610844,1.307771624280397
2022-11-16,1.6816111467084445,1.307771624280397
2022-11-17,1.6549988083072007,1.307771624280397
2022-11-18,1.6549988083072007,1.307771624280397
2022-11-21,1.6777752311911414,1.307771624280397
2022-11-22,1.6161593177115139,1.307771624280397
2022-11-23,1.6053704280564134,1.307771624280397
2022-11-25,1.6034523788401411,1.307771624280397
2022-11-28,1.6384559539185248,1.307771624280397
2022-11-29,1.6837689978055612,1.307771624280397
2022-11-30,1.6890433587774483,1.3105604119966412
2022-12-01,1.6744185536050442,1.2992127514451741
2022-12-02,1.6235915297805172,1.2597751106422466
2022-12-05,1.563893665517162,1.2134544184126925
2022-12-06,1.5260130166143702,1.184062112658815
2022-12-07,1.503476395611274,1.1665755258560888
2022-12-08,1.50683289028213,1.1654089503302327
2022-12-09,1.5442341183384745,1.1654089503302327
2022-12-12,1.5789978915360137,1.1654089503302327
2022-12-13,1.6149604912225335,1.1654089503302327
2022-12-14,1.5859506827585697,1.1654089503302327
2022-12-15,1.55598184968647,1.1654089503302327
2022-12-16,1.5840326335422974,1.1654089503302327
2022-12-19,1.5876289300939976,1.166889418807327
2022-12-20,1.6317429645768127,1.1993127383142668
2022-12-21,1.6231119260188287,1.192969021986275
2022-12-22,1.6619515995297567,1.2215157454622385
2022-12-23,1.6669863415360406,1.2252162242467928
2022-12-27,1.6442101015673412,1.2084759438727646
2022-12-28,1.6430112750783608,1.20759481987807
2022-12-29,1.6808919239811526,1.2354366710464069
2022-12-30,1.6216734805642448,1.1919117807451582
2023-01-03,1.5415968463949097,1.1907198689644132
2023-01-04,1.553104775862061,1.1907198689644132
2023-01-05,1.5543036023510415,1.1907198689644132
2023-01-06,1.5794773123824606,1.1907198689644132
2023-01-09,1.5799569161441491,1.1907198689644132
2023-01-10,1.631503345611209,1.1907198689644132
2023-01-11,1.6449293242946323,1.1907198689644132
2023-01-12,1.6794534785265685,1.1907198689644132
2023-01-13,1.698873223824412,1.1907198689644132
2023-01-17,1.6665069206895924,1.1668439953788003
2023-01-18,1.6923998534483033,1.1849735409193294
2023-01-19,1.715416078213088,1.2010888917346534
2023-01-20,1.7142172517241077,1.2002495051873783
2023-01-23,1.683529195924716,1.1787625415301541
2023-01-24,1.6904819871472723,1.1836307017450574
2023-01-25,1.70055147115984,1.1824470710433124
2023-01-26,1.6662671188087483,1.1574256324993937
2023-01-27,1.6327019891849484,1.1562682068668944
2023-01-30,1.6619515995297562,1.1562682068668944
2023-01-31,1.6149604912225328,1.1562682068668944
2023-02-01,1.596020166771137,1.1562682068668944
2023-02-02,1.5439943164576295,1.1562682068668944
2023-02-03,1.570366852978029,1.1562682068668944
2023-02-06,1.6245505543886527,1.1562682068668944
2023-02-07,1.6466075716300603,1.1562682068668944
2023-02-08,1.6283864699059563,1.1562682068668944
2023-02-09,1.6751379592475766,1.1562682068668944
2023-02-10,1.6662671188087483,1.1562682068668944
2023-02-13,1.6638696487460285,1.1562682068668944
2023-02-14,1.654759006426356,1.1487807058820796
2023-02-15,1.641093225862088,1.1392935328362879
2023-02-16,1.6068088735109962,1.1154923615831673
2023-02-17,1.5988972405955448,1.1099998812824132
2023-02-21,1.5564612705329166,1.1088898814011308
2023-02-22,1.5914648456113,1.1088898814011308
2023-02-23,1.608726922727268,1.1088898814011308
2023-02-24,1.5883481528212884,1.1088898814011308
2023-02-27,1.6113641946708324,1.1088898814011308
2023-02-28,1.6319827664576563,1.1088898814011308
2023-03-01,1.6374971122256288,1.1088898814011308
2023-03-02,1.6748981573667323,1.1331084502377649
2023-03-03,1.6900023833855837,1.14332681847764
2023-03-06,1.6267082225705283,1.1005068128821929
2023-03-07,1.6087269227272682,1.0883420357528837
2023-03-08,1.5881083509404443,1.074393081411555
2023-03-09,1.6096859473354044,1.0733186883301433
2023-03-10,1.5643730863636087,1.0420313141714017
2023-03-13,1.5087509394984011,1.0409892828572302
2023-03-14,1.4389834997648576,1.0409892828572302
2023-03-15,1.4397027224921495,1.0409892828572302
2023-03-16,1.4063773947491938,1.0409892828572302
2023-03-17,1.4334692454545057,1.0409892828572302
2023-03-20,1.4679933082288212,1.0409892828572302
2023-03-21,1.4771038590908734,1.0409892828572302
2023-03-22,1.4622393434952456,1.0409892828572302
2023-03-23,1.4615200293103334,1.0409892828572302
2023-03-24,1.5380005498432092,1.0409892828572302
2023-03-27,1.5475906130093293,1.0464392879884339
2023-03-28,1.5380005498432092,1.0399547443455872
2023-03-29,1.5660513336990367,1.058921932462948
2023-03-30,1.5929034739811248,1.077078629926442
2023-03-31,1.6847278394984553,1.1391678044563252
2023-04-03,1.6847278394984553,1.1391678044563252
2023-04-04,1.6840086167711634,1.1386814853275287
2023-04-05,1.6844882205328517,1.1390057805349814
2023-04-06,1.6725006873040118,1.1309001319020187
2023-04-10,1.7039079658306953,1.1297692317701167
2023-04-11,1.7365140708463591,1.1502588075694635
2023-04-12,1.7214098448275075,1.1402538388212196
2023-04-13,1.7283624531348227,1.1391135849823983
2023-04-14,1.698393620062723,1.1391135849823983
2023-04-17,1.6957565310343998,1.1391135849823983
2023-04-18,1.661472178683308,1.1391135849823983
2023-04-19,1.6207144559561077,1.1391135849823983
2023-04-20,1.6353392611285118,1.1391135849823983
2023-04-21,1.6602733521943276,1.1391135849823983
2023-04-24,1.6211940597177963,1.1391135849823983
2023-04-25,1.5670103583071724,1.1391135849823983
2023-04-26,1.577799065047032,1.1391135849823983
2023-04-27,1.6183169858933881,1.1391135849823983
2023-04-28,1.5955407459246886,1.1391135849823983
2023-05-01,1.511627921865189,1.1391135849823983
2023-05-02,1.4459362909874136,1.1391135849823983
2023-05-03,1.4552865522726894,1.1391135849823983
2023-05-04,1.511148409561121,1.1391135849823983
2023-05-05,1.540637821786773,1.1391135849823983
2023-05-08,1.5552626269591772,1.1391135849823983
2023-05-09,1.5437545145767848,1.1391135849823983
2023-05-10,1.5164229534482492,1.1391135849823983
2023-05-11,1.4881323677115774,1.1391135849823983
2023-05-12,1.5101894764106056,1.1548584211788013
2023-05-15,1.4994006782131255,1.1466081091170512
2023-05-16,1.5487892565830688,1.1843760955396174
2023-05-17,1.535363277899645,1.1741091026971227
2023-05-18,1.5320067832287894,1.171542354486499
2023-05-19,1.532246493652013,1.1717256636706963
2023-05-22,1.5552626269591772,1.1893263527153108
2023-05-23,1.574202951410573,1.2038102261194228
2023-05-24,1.5365619214733846,1.1750257185567528
2023-05-25,1.5535843796237494,1.1880429786099989
2023-05-26,1.4936466220219295,1.1422079193712367
2023-05-30,1.4536083049372621,1.1410657114518654
2023-05-31,1.4996403886363496,1.1410657114518654
2023-06-01,1.5380005498432097,1.1410657114518654
2023-06-02,1.5351234760188013,1.1410657114518654
2023-06-05,1.5293695112852255,1.1410657114518654
2023-06-06,1.551426528526633,1.1410657114518654
2023-06-07,1.5214576954545331,1.1410657114518654
2023-06-08,1.5087509394984013,1.1410657114518654
2023-06-09,1.444258043651986,1.1410657114518654
2023-06-12,1.4898106150470056,1.1410657114518654
2023-06-13,1.482378402978002,1.1410657114518654
2023-06-14,1.5202589604231738,1.1410657114518654
2023-06-15,1.5427954899686493,1.1410657114518654
2023-06-16,1.5324862040752374,1.1410657114518654
2023-06-20,1.5593383443573257,1.1410657114518654
2023-06-21,1.498921165909058,1.1410657114518654
2023-06-22,1.4965236043887176,1.1410657114518654
2023-06-23,1.5039559079153415,1.145591610622533
2023-06-26,1.4696715555642499,1.1194765721281674
2023-06-27,1.4989211659090578,1.1183570955560393
2023-06-28,1.5094701622256936,1.1183570955560393
2023-06-29,1.5236154550940295,1.1183570955560393
2023-06-30,1.5197794481191056,1.1183570955560393
2023-07-03,1.549508479310361,1.1183570955560393
2023-07-05,1.5449533410657657,1.1183570955560393
2023-07-06,1.578758089655169,1.1417092382765928
2023-07-07,1.5713258775861654,1.136334491356458
2023-07-10,1.607048675391841,1.1621681187747883
2023-07-11,1.6271878263322173,1.1767321326223414
2023-07-12,1.6564372537617844,1.1978844179087664
2023-07-13,1.6175977631660972,1.1697968942320147
2023-07-14,1.5962599686519814,1.1543660582598394
2023-07-17,1.6293454945140928,1.178292491813863
2023-07-18,1.6228723070532254,1.173611281960628
2023-07-19,1.6315033456112094,1.1724376706786672
2023-07-20,1.6540397836990646,1.1724376706786672
2023-07-21,1.6947975064262648,1.1724376706786672
2023-07-24,1.706065816927813,1.1724376706786672
2023-07-25,1.694078283698973,1.1724376706786672
2023-07-26,1.7125390043886803,1.1724376706786672
2023-07-27,1.7283624531348238,1.1724376706786672
2023-07-28,1.7542555688087758,1.1888298729782214
2023-07-31,1.749220826802492,1.1854179119126664
2023-08-01,1.713737830877661,1.1613716747005776
2023-08-02,1.7535363460814841,1.160210303025877
2023-08-03,1.7691201758620243,1.160210303025877
2023-08-04,1.7698393985893162,1.160210303025877
2023-08-07,1.7755933633228917,1.1628220785722243
2023-08-08,1.8005274543887075,1.161659256493652
2023-08-09,1.7789498579937475,1.161659256493652
2023-08-10,1.780148684482728,1.161659256493652
2023-08-11,1.7695995967084717,1.161659256493652
2023-08-14,1.7410693920061966,1.161659256493652
2023-08-15,1.7111005589340968,1.161659256493652
2023-08-16,1.725725364106501,1.161659256493652
2023-08-17,1.7451451094043444,1.161659256493652
2023-08-18,1.7401103673980607,1.161659256493652
2023-08-21,1.7329177742946604,1.161659256493652
2023-08-22,1.7108607570532528,1.161659256493652
2023-08-23,1.7120595835422332,1.161659256493652
2023-08-24,1.736993491692808,1.1774156446474886
2023-08-25,1.7360346499999129,1.1767656967833462
2023-08-28,1.7578518653604762,1.1915544284688844
2023-08-29,1.7660034830720128,1.19707997722232
2023-08-30,1.7995684297805719,1.2198318721231476
2023-08-31,1.8441620680250759,1.2500595313354224
2023-09-01,1.8643012189654522,1.263710792264447
2023-09-05,1.8825221377743155,1.2760617854996028
2023-09-06,1.8688563572100476,1.266798478578972
2023-09-07,1.8772477768024285,1.2724865762927071
2023-09-08,1.8789260241378565,1.2736241710377485
2023-09-11,1.9108127235109877,1.295238471193535
2023-09-12,1.9103333026645402,1.2949134972614638
2023-09-13,1.9448574568964763,1.31831558800349
2023-09-14,1.9489331742946239,1.3169972724154866
2023-09-15,1.9527690898119276,1.3169972724154866
2023-09-18,1.9539679163009078,1.3169972724154866
2023-09-19,1.921361811285244,1.2937033782802931
2023-09-20,1.9278351816613521,1.2924096749020129
2023-09-21,1.9331095426332394,1.2924096749020129
2023-09-22,1.9273555778996636,1.2924096749020129
2023-09-25,1.939103309247659,1.2924096749020129
2023-09-26,1.9875330459247074,1.2924096749020129
2023-09-27,1.9556461636363354,1.2924096749020129
2023-09-28,1.9386238884012115,1.2924096749020129
2023-09-29,1.9033805114419835,1.2924096749020129
2023-10-02,1.9163270692789596,1.2924096749020129
2023-10-03,1.8122751857367037,1.2924096749020129
2023-10-04,1.7739151159874642,1.2924096749020129
2023-10-05,1.7779910163008528,1.2924096749020129
2023-10-06,1.8491968100313596,1.2924096749020129
2023-10-09,1.839127326018792,1.2924096749020129
2023-10-10,1.814193234952976,1.2924096749020129
2023-10-11,1.8081994683385558,1.2924096749020129
2023-10-12,1.8937904482758632,1.2924096749020129
2023-10-13,1.8794054449843034,1.2924096749020129
2023-10-16,1.8892353100312678,1.2924096749020129
2023-10-17,1.9141692181818428,1.3081743379780895
2023-10-18,1.9582834355798988,1.338322710750972
2023-10-19,1.9347877899686665,1.3222654048707552
2023-10-20,1.8913929782131431,1.2926086856001955
2023-10-23,1.8444018699059195,1.2604941988470084
2023-10-24,1.881083692319731,1.2855631521538622
2023-10-25,1.8434428452977834,1.2842775890017084
2023-10-26,1.878686222257011,1.2842775890017084
2023-10-27,1.8233038772726478,1.2842775890017084
2023-10-30,1.798609405172435,1.2842775890017084
2023-10-31,1.7921362177115674,1.2842775890017084
2023-11-01,1.826420570062659,1.2842775890017084
2023-11-02,1.794533687774287,1.2842775890017084
2023-11-03,1.7959723161441117,1.2842775890017084
2023-11-06,1.7214098448275081,1.2842775890017084
2023-11-07,1.6828099731974242,1.2842775890017084
2023-11-08,1.684248418652008,1.2842775890017084
2023-11-09,1.7211700429466639,1.2842775890017084
2023-11-10,1.7482618021943555,1.2842775890017084
2023-11-13,1.7427476393416241,1.2842775890017084
2023-11-14,1.7103811532915636,1.2842775890017084
2023-11-15,1.631503345611209,1.2842775890017084
2023-11-16,1.6962359518808483,1.2842775890017084
2023-11-17,1.7333973780563483,1.2842775890017084
2023-11-20,1.7389115409090796,1.2870787657139067
2023-11-21,1.716854523667672,1.2707529677313596
2023-11-22,1.697914199216276,1.2694822147636282
2023-11-24,1.6772956274294522,1.2694822147636282
2023-11-27,1.7084632869905323,1.2694822147636282
2023-11-28,1.7386717390282354,1.290659274356009
2023-11-29,1.6816111467084442,1.2483017775240037
2023-11-30,1.6600335503134842,1.2470534757464797
2023-12-01,1.6415728296237768,1.2470534757464797
2023-12-04,1.620235035109661,1.2470534757464797
2023-12-05,1.5526253550156135,1.1937689803389315
2023-12-06,1.5610165916927532,1.1925752113585926
2023-12-07,1.5950611421630005,1.1925752113585926
2023-12-08,1.601534512539109,1.1925752113585926
2023-12-11,1.540398019905929,1.1925752113585926
2023-12-12,1.5662911355798812,1.1925752113585926
2023-12-13,1.6101655510970931,1.1925752113585926
2023-12-14,1.6099257492162489,1.1925752113585926
2023-12-15,1.632462187304104,1.2080768206020003
2023-12-18,1.6629106241378924,1.2306096860175295
2023-12-19,1.6492448435736247,1.2204965496376976
2023-12-20,1.6549988083072003,1.2247546767019903
2023-12-21,1.6468473735109046,1.2187223413078605
2023-12-22,1.683289394043872,1.2456906598662731
2023-12-26,1.6523615363636361,1.2228030069301439
2023-12-27,1.6106449719435407,1.1919313488280385
2023-12-28,1.597938215987409,1.1907394174792105
2023-12-29,1.5768400404388965,1.1907394174792105
2024-01-02,1.6348598402820647,1.1907394174792105
2024-01-03,1.6199952332288163,1.1907394174792105
2024-01-04,1.6549988083072,1.1907394174792105
2024-01-05,1.5919444493729888,1.1907394174792105
2024-01-08,1.6156797139498242,1.1907394174792105
2024-01-09,1.5957803648902922,1.1907394174792105
2024-01-10,1.6219132824450884,1.1907394174792105
2024-01-11,1.6307839399686759,1.1907394174792105
2024-01-12,1.6123232192789685,1.1760693278783276
2024-01-16,1.6288660736676446,1.1748932585504492
2024-01-17,1.6557180310344917,1.1748932585504492
2024-01-18,1.6499640663009159,1.1748932585504492
2024-01-19,1.6708224399685838,1.1885710297268344
2024-01-22,1.670103217241292,1.1880593970858482
2024-01-23,1.6912012098745635,1.2030678517423277
2024-01-24,1.7317191307209197,1.2318910383064543
2024-01-25,1.7525773214733467,1.2467289053758701
2024-01-26,1.7274036114419276,1.228821112340333
2024-01-29,1.7456245302507907,1.2417829063126635
2024-01-30,1.7003116692789952,1.2095487487284928
2024-01-31,1.6559578329153357,1.1779968113723716
2024-02-01,1.6185567877742324,1.1768188145609992
2024-02-02,1.63462003840122,1.1768188145609992
2024-02-05,1.6497242644200716,1.1768188145609992
2024-02-06,1.6643490695924756,1.1768188145609992
2024-02-07,1.714696672570555,1.1768188145609992
2024-02-08,1.718292969122255,1.1768188145609992
2024-02-09,1.7288420568965113,1.1768188145609992
2024-02-12,1.7417886147334873,1.1768188145609992
2024-02-13,1.7154160782130878,1.1578237043060318
2024-02-14,1.746343752978083,1.1786984036963277
2024-02-15,1.7600097164575919,1.1879222746042175
2024-02-16,1.7362742689655153,1.1719019841990674
2024-02-20,1.754974791536067,1.1845239413965591
2024-02-21,1.764564854702187,1.1909967747811525
2024-02-22,1.7242867357366753,1.1638109733330826
2024-02-23,1.7451451094043435,1.1778893766851461
2024-02-26,1.770558621316607,1.1950422802141447
2024-02-27,1.7650444584638754,1.1938472379339307
2024-02-28,1.758810889968611,1.1938472379339307
2024-02-29,1.7971709597178505,1.1938472379339307
2024-03-01,1.774394719749151,1.1938472379339307
2024-03-04,1.7609685581504866,1.1938472379339307
2024-03-05,1.7823063526646024,1.1938472379339307
2024-03-06,1.7796692636362792,1.1938472379339307
2024-03-07,1.758810889968611,1.1786610650994647
2024-03-08,1.7650444584638751,1.1828384695742173
2024-03-11,1.7585710880877667,1.1816556311046431
2024-03-12,1.800287652507862,1.1816556311046431
2024-03-13,1.8292976438870665,1.1816556311046431
2024-03-14,1.8300168666143581,1.1816556311046431
2024-03-15,1.869575762852578,1.2060174517949658
2024-03-18,1.8803644695924375,1.2129769817958875
2024-03-19,1.8520738838557658,1.1947274190887471
2024-03-20,1.8417645979623538,1.1880771517125654
2024-03-21,1.838408103291498,1.185911959356984
2024-03-22,1.86430121896545,1.2026149729521567
2024-03-25,1.853032908463902,1.195346062332361
2024-03-26,1.8583074523510301,1.1941507162700287
2024-03-27,1.887557062695838,1.1941507162700287
2024-03-28,1.9100935007836932,1.1941507162700287
2024-04-01,1.9369456410657813,1.1941507162700287
2024-04-02,1.9479741496864849,1.1997557762231696
2024-04-03,1.9724286369906125,1.2148172760908271
2024-04-04,1.9755455126958652,1.2167369574334919
2024-04-05,1.9707503896551848,1.213783644851452
2024-04-08,1.9455766796237655,1.1982791762608276
2024-04-09,1.968113117711621,1.2121593510956692
2024-04-10,1.9551667427898858,1.2041856887675513
2024-04-11,1.9546871390281972,1.2038903011806694
2024-04-12,1.9575642128526056,1.2026864108794888
2024-04-15,1.9498921989027578,1.2026864108794888
2024-04-16,1.8918725819748305,1.2026864108794888
2024-04-17,1.8887557062695781,1.2026864108794888
2024-04-18,1.890433953605006,1.2026864108794888
2024-04-19,1.8887557062695781,1.2026864108794888
2024-04-22,1.9175258957679384,1.2026864108794888
2024-04-23,1.909374278056402,1.2026864108794888
2024-04-24,1.9285544043886422,1.2026864108794888
2024-04-25,1.9273555778996618,1.2026864108794888
2024-04-26,1.906017783385546,1.2026864108794888
2024-04-29,1.8791656431034578,1.1845401762489625
2024-04-30,1.8204268034482387,1.1475138950729489
2024-05-01,1.8204268034482387,1.1475138950729489
2024-05-02,1.8012466771159985,1.1354236196310525
2024-05-03,1.8139536159873713,1.1342881960114215
2024-05-06,1.810117517554827,1.1342881960114215
2024-05-07,1.824742322727231,1.1342881960114215
2024-05-08,1.8345720048589544,1.1342881960114215
2024-05-09,1.8053225774293875,1.1342881960114215
2024-05-10,1.8252217435736786,1.1342881960114215
2024-05-13,1.803164726332271,1.1194465243787197
2024-05-14,1.8192279769592585,1.1294189632923746
2024-05-15,1.8280988173980868,1.1349261869822276
2024-05-16,1.845360894514055,1.1456428852121967
2024-05-17,1.8396069297804793,1.1420706903215498
2024-05-20,1.8259411492162114,1.1335866564824957
2024-05-21,1.7950132915359756,1.1143859244134724
2024-05-22,1.784943624608167,1.1081344414073049
2024-05-23,1.806521221003127,1.1215303141947663
2024-05-24,1.861903748902731,1.1559130732755887
2024-05-28,1.8357708313479348,1.1396891513557665
2024-05-29,1.8108367402821188,1.1385494622044108
2024-05-30,1.793814465046995,1.1385494622044108
2024-05-31,1.7221290675547998,1.1385494622044108
2024-06-03,1.7043873866771433,1.1385494622044108
2024-06-04,1.7235675130093837,1.1385494622044108
2024-06-05,1.7564134199058918,1.1385494622044108
2024-06-06,1.7506592722570753,1.1385494622044108
2024-06-07,1.8091584929466913,1.1385494622044108
2024-06-10,1.8103573194356717,1.1385494622044108
2024-06-11,1.8216256299372198,1.1385494622044108
2024-06-12,1.815871482288403,1.1385494622044108
2024-06-13,1.8240230999999394,1.1425219682613281
2024-06-14,1.865020441692743,1.168201666903492
2024-06-17,1.8861184343260144,1.1814169162442099
2024-06-18,1.9038601152036712,1.1925298567308766
2024-06-20,1.8856390134795669,1.181116619143198
2024-06-21,1.910812723510986,1.1968847948497108
2024-06-24,1.8916327800939867,1.1848709630600083
2024-06-25,1.8880364835422867,1.1826183337952254
2024-06-26,1.9160872673981144,1.2001886358282614
2024-06-27,1.9081754515674223,1.1952328743604357
2024-06-28,1.9549269409090424,1.2245168256556458
2024-07-01,1.9446176550156304,1.22329230882999
2024-07-02,1.9484535705329338,1.22329230882999
2024-07-03,1.9494125951410697,1.22329230882999
2024-07-05,1.928074800626954,1.22329230882999
2024-07-08,1.9124909708464137,1.22329230882999
2024-07-09,1.9295134289967786,1.232957142243137
2024-07-10,1.9405419376174824,1.2317241851008938
2024-07-11,1.923999083228806,1.2317241851008938
2024-07-12,1.9208823904387944,1.2317241851008938
2024-07-15,1.8954686956112898,1.2317241851008938
2024-07-16,1.932869923667634,1.2547967384045942
2024-07-17,1.915607846551666,1.2535419416661895
2024-07-18,1.870055183699026,1.2224794941371118
2024-07-19,1.8609447242945945,1.2212570146429746
2024-07-22,1.8369696578369146,1.2212570146429746
2024-07-23,1.84152479608151,1.2212570146429746
2024-07-24,1.85710862586205,1.2212570146429746
2024-07-25,1.8247423227272304,1.2212570146429746
2024-07-26,1.8026853054858227,1.2212570146429746
2024-07-29,1.7851834264890105,1.2212570146429746
2024-07-30,1.8638216152037619,1.2212570146429746
2024-07-31,1.8290578420062225,1.2212570146429746
2024-08-01,1.7595301126959026,1.2212570146429746
2024-08-02,1.7554543952977548,1.2212570146429746
2024-08-05,1.7369934916928065,1.2212570146429746
2024-08-06,1.7906977722569828,1.2212570146429746
2024-08-07,1.8067610228839706,1.2212570146429746
2024-08-08,1.8273795946707945,1.2212570146429746
2024-08-09,1.8851594097178777,1.2212570146429746
2024-08-12,1.861424145141042,1.2212570146429746
2024-08-13,1.8362502521943818,1.2212570146429746
2024-08-14,1.8559099822883105,1.2331110905000389
2024-08-15,1.829777064733514,1.215747753500143
2024-08-16,1.783265377272738,1.1848442731626767
2024-08-19,1.7700792004701587,1.1760830611363764
2024-08-20,1.7405897882445065,1.17490697807524
2024-08-21,1.7640854338557388,1.17490697807524
2024-08-22,1.8113163440438065,1.17490697807524
2024-08-23,1.8659794663008777,1.17490697807524
2024-08-26,1.8338527821316615,1.17490697807524
2024-08-27,1.8096380967083783,1.17490697807524
2024-08-28,1.8405657714733732,1.17490697807524
2024-08-29,1.7823063526646017,1.13654274661992
2024-08-30,1.7043873866771422,1.086855309056353
2024-09-03,1.668904390752311,1.0857684537472967
2024-09-04,1.6756173800940226,1.0857684537472967
2024-09-05,1.6526013382444789,1.0857684537472967
2024-09-06,1.6607527730407743,1.0857684537472967
2024-09-09,1.6053704280564112,1.0857684537472967
2024-09-10,1.626708222570527,1.0857684537472967
2024-09-11,1.6756173800940226,1.0857684537472967
2024-09-12,1.6744185536050422,1.0857684537472967
2024-09-13,1.6993526446708582,1.0857684537472967
2024-09-16,1.7194917956112346,1.0975502056666095
2024-09-17,1.694078283698971,1.0813287818149764
2024-09-18,1.7441860847962063,1.1133125502401247
2024-09-19,1.748261802194354,1.1159140773192264
2024-09-20,1.7321985515673664,1.1056609175924261
2024-09-23,1.7571326426331821,1.1215763275101966
2024-09-24,1.7137378308776587,1.0938774546870158
2024-09-25,1.6545193874607511,1.0560783707266417
2024-09-26,1.6847278394984544,1.055022292355915
2024-09-27,1.6763366028213147,1.055022292355915
2024-09-30,1.7288420568965106,1.055022292355915
2024-10-01,1.7444258866770508,1.055022292355915
2024-10-02,1.8156318633227986,1.055022292355915
2024-10-03,1.8304962874608057,1.055022292355915
2024-10-04,1.898825190282145,1.055022292355915
2024-10-07,1.817070308777382,1.055022292355915
2024-10-08,1.804123750940406,1.055022292355915
2024-10-09,1.8645408379310533,1.055022292355915
2024-10-10,1.8578278485893416,1.0501688263610804
2024-10-11,1.8204268034482383,1.0491186575347193
2024-10-14,1.7444258866770512,1.0491186575347193
2024-10-15,1.7357948481190673,1.0491186575347193
2024-10-16,1.7410693920061955,1.0491186575347193
2024-10-17,1.711340177899699,1.0491186575347193
2024-10-18,1.7324383534482115,1.0491186575347193
2024-10-21,1.7736754970218591,1.0491186575347193
2024-10-22,1.7633662111284472,1.0491186575347193
2024-10-23,1.7516182968652105,1.0491186575347193
2024-10-24,1.7796692636362792,1.0491186575347193
2024-10-25,1.6885639379309993,0.9943627637189209
2024-10-28,1.6701032172412917,0.9834916010505098
2024-10-29,1.710860757053251,1.0074929308310465
2024-10-30,1.7520979006268989,1.0317766900246779
2024-10-31,1.7266842057993945,1.0168110548732188
2024-11-01,1.781107709090863,1.0157942438183456
2024-11-04,1.791656796865119,1.0157942438183456
2024-11-05,1.7871014757052825,1.0157942438183456
2024-11-06,1.789978549529691,1.0157942438183456
2024-11-07,1.7532965442006385,0.9939617923722632
2024-11-08,1.7007912730406836,0.992967830579891
2024-11-11,1.6947975064262637,0.9884755400949313
2024-11-12,1.6957565310344,0.9874870645548364
2024-11-13,1.7091825097178237,0.9874870645548364
2024-11-14,1.6722608854231678,0.9874870645548364
2024-11-15,1.7278830322883751,0.9874870645548364
2024-11-18,1.733636997021951,0.9874870645548364
2024-11-19,1.726684205799395,0.9874870645548364
2024-11-20,1.754974791536067,0.9874870645548364
2024-11-21,1.7801486844827272,1.000664392716805
2024-11-22,1.7286022550156674,0.9716889048887402
2024-11-25,1.7168545236676718,0.965085222534781
2024-11-26,1.7194917956112359,0.9665676965274534
2024-11-27,1.7168545236676718,0.9650852225347811
2024-11-29,1.7031887431034038,0.9574033585823226
2024-12-02,1.7511388760187634,0.9564459552237403
2024-12-03,1.723327711128539,0.9564459552237403
2024-12-04,1.7134980289968156,0.9564459552237403
2024-12-05,1.6840086167711634,0.9564459552237403
2024-12-06,1.7063054358934155,0.9564459552237403
2024-12-09,1.711819781661388,0.9564459552237403
2024-12-10,1.7580916672413198,0.9813430239186095
2024-12-11,1.7552145934169117,0.9797370801675012
2024-12-12,1.7791896598745915,0.9787573430873336
2024-12-13,1.7669623247649073,0.9787573430873336
2024-12-16,1.7573724445140282,0.9724665507430897
2024-12-17,1.7487414059560442,0.9676904451873125
2024-12-18,1.7408295901253519,0.9633123315580667
2024-12-19,1.7525773214733475,0.969813102535047
2024-12-20,1.7516182968652114,0.9692824128934385
2024-12-23,1.7657636811911679,0.97710995858379
2024-12-24,1.7532965442006394,0.9761328486252062
2024-12-26,1.7705586213166076,0.9847672295052099
2024-12-27,1.7938144650469956,0.9977019002494919
2024-12-30,1.8113163440438078,1.0074362726014279
2024-12-31,1.8444018699059193,1.0258381155269825
2025-01-02,1.8681371344827549,1.0390394354141053
2025-01-03,1.8532727103447477,1.0307719894225738
2025-01-06,1.874130901097175,1.0423731092456976
2025-01-07,1.8532727103447477,1.0307719894225738
2025-01-08,1.9333493445140828,1.075309822979533
2025-01-10,1.971469795297719,1.0965120414509983
2025-01-13,1.9580436336990545,1.0890445428879887
2025-01-14,2.022057017241402,1.0879554983451007
2025-01-15,1.9884920705328428,1.0879554983451007
2025-01-16,1.9784224036050342,1.0879554983451007
2025-01-17,1.9446176550156309,1.0879554983451007
2025-01-21,1.928314602507799,1.0879554983451007
2025-01-22,1.899064992162991,1.0879554983451007
2025-01-23,1.9084152534482668,1.0879554983451007
2025-01-24,1.8683769363635994,1.0879554983451007
2025-01-27,1.8906737554858515,1.0879554983451007
2025-01-28,1.8647806398118996,1.0879554983451007
2025-01-29,1.8640614170846077,1.0879554983451007
2025-01-30,1.8705346045454752,1.0879554983451007
2025-01-31,1.8657396644200355,1.0840786709055306
2025-02-03,1.8583074523510317,1.0797602213729918
2025-02-04,1.8242627189655432,1.0599786998543688
2025-02-05,1.8089186910658472,1.0510631294299118
2025-02-06,1.8187485561128116,1.056774723195383
2025-02-07,1.8556701804074676,1.0782278477423524
2025-02-10,1.876528371159895,1.0903473948257951
2025-02-11,1.8297770647335156,1.0631827827953375
2025-02-12,1.8314553120689434,1.0641579199892004
2025-02-13,1.8177895315046755,1.0630937620692111
2025-02-14,1.8451210926332113,1.0780149237117311
2025-02-18,1.8568688239812072,1.0848785543771973
2025-02-19,1.8643012189654515,1.0892209429304067
2025-02-20,1.8065212210031274,1.0554628875138234
2025-02-21,1.8213858280563755,1.0544074246263095
2025-02-24,1.7772716106583193,1.0544074246263095
2025-02-25,1.7705586213166076,1.0544074246263095
2025-02-26,1.8048429736676994,1.0544074246263095
2025-02-27,1.8034045282131157,1.0544074246263095
2025-02-28,1.757851865360476,1.0544074246263095
2025-03-03,1.7576120634796317,1.0544074246263095
2025-03-04,1.712299202507836,1.0544074246263095
2025-03-05,1.70534641128528,1.0544074246263095
2025-03-06,1.7283624531348236,1.0544074246263095
2025-03-07,1.699592446551704,1.0544074246263095
2025-03-10,1.7130184252351275,1.0544074246263095
2025-03-11,1.7453849112851882,1.0544074246263095
2025-03-12,1.7170943255485165,1.0544074246263095
2025-03-13,1.73291777429466,1.0544074246263095
2025-03-14,1.7432270601880722,1.0596257831400635
2025-03-17,1.7312395269592322,1.0523391252079886
2025-03-18,1.736274268965516,1.0553995081971907
2025-03-19,1.7676817304074404,1.074490627585419
2025-03-20,1.769120175862024,1.0753649909578835
2025-03-21,1.7952529105015795,1.09124985188073
2025-03-24,1.7938144650469958,1.0903754885082655
2025-03-25,1.8081994683385556,1.0991194557896402
2025-03-26,1.8096380967083803,1.0999939303476811
2025-03-27,1.7926156385580156,1.0896467782408277
2025-03-28,1.8539919330720398,1.126954542459243
2025-03-31,1.84799816645762,1.1233112134932057
2025-04-01,1.8638216152037634,1.1329295441470448
2025-04-02,1.7321985515673686,1.0529220711848237
2025-04-03,1.6283864699059571,1.051869149113639
2025-04-04,1.581874965360422,1.051869149113639
2025-04-07,1.518580713087746,1.051869149113639
2025-04-08,1.6202350351096615,1.051869149113639
2025-04-09,1.5660513336990376,1.051869149113639
2025-04-10,1.5933828948275734,1.051869149113639
2025-04-11,1.598178017868254,1.051869149113639
2025-04-14,1.593862498589262,1.051869149113639
2025-04-15,1.6243107525078095,1.051869149113639
2025-04-16,1.6657876979623016,1.051869149113639
2025-04-17,1.6451691261754777,1.0377975898876475
2025-04-21,1.6631504260187377,1.049140466035441
2025-04-22,1.63150334561121,1.0291770086307526
2025-04-23,1.6413330277429337,1.0353777209243142
2025-04-24,1.6549988083072016,1.0439983021812091
2025-04-25,1.6245505543886543,1.0247910826739879
2025-04-28,1.57875808965517,0.9959045026991361
2025-04-29,1.5238552569748747,0.9612709647077735
2025-04-30,1.5468712073667978,0.9603096937430657
2025-05-01,1.5346440551723546,0.9603096937430657
2025-05-02,1.4953248693573584,0.9603096937430657
2025-05-05,1.54878925658307,0.9603096937430657
2025-05-06,1.5226564304858943,0.9603096937430657
2025-05-07,1.57276432304075,0.9603096937430657
2025-05-08,1.5969791913792741,0.9603096937430657
2025-05-09,1.6207144559561097,0.9603096937430657
2025-05-12,1.668424786990625,0.9603096937430657
2025-05-13,1.647806398119042,0.9474818795282115
2025-05-14,1.6204746540752655,0.9317662394827899
2025-05-15,1.6327019891849497,0.938796906716859
2025-05-16,1.6425318542319143,0.9444490385576129
2025-05-19,1.6461281507836143,0.94651689423534
2025-05-20,1.6204746540752655,0.9317662394827899
2025-05-21,1.609685947335406,0.9308344732433071
2025-05-22,1.6300647172413858,0.9308344732433071
2025-05-23,1.613042442006262,0.9308344732433071
2025-05-27,1.627667247178666,0.9308344732433071
2025-05-28,1.6108847738243863,0.9203060353461892
2025-05-29,1.6099257492162502,0.9197581400843711
2025-05-30,1.66746594529773,0.9526311242910999
2025-06-02,1.6756173800940255,0.9572880772660489
2025-06-03,1.6624310203762052,0.9497546480414712
2025-06-04,1.6765764047021614,0.9578359725278669
2025-06-05,1.7113401778997008,0.9776966793921739
2025-06-06,1.7274036114419293,0.9868737944022056
2025-06-09,1.7166147217868288,0.9807100510820048
2025-06-10,1.7938144650469965,1.024814626905163
2025-06-11,1.7993288108149688,1.0279649985355326
2025-06-12,1.9232798605015158,1.098778815245219
2025-06-13,1.8842003851097435,1.0976800364299737
2025-06-16,1.9731480426331476,1.0976800364299737
2025-06-17,1.9724286369906148,1.0976800364299737
2025-06-18,1.9928075898118356,1.0976800364299737
2025-06-20,1.8319349158306326,1.0976800364299737
2025-06-23,1.7501798514106286,1.0976800364299737
2025-06-24,1.7576120634796322,1.0976800364299737
2025-06-25,1.764325052821344,1.0976800364299737
2025-06-26,1.7568928407523405,1.0976800364299737
2025-06-27,1.7528171233541927,1.0976800364299737
2025-06-30,1.7724766705328803,1.0976800364299737
2025-07-01,1.8122751857367034,1.0976800364299737
2025-07-02,1.8026853054858243,1.0976800364299737
2025-07-03,1.8336131631660604,1.0976800364299737
2025-07-07,1.845121092633212,1.0976800364299737
2025-07-08,1.8444018699059201,1.0961544839722446
2025-07-09,1.8074802456112642,1.074211433118479
2025-07-10,1.8530329084639041,1.1012840339748988
2025-07-11,1.8129945913792367,1.077488687895956
2025-07-14,1.8043635528212527,1.0723591378933017
2025-07-15,1.8026853054858247,1.0713617314321828
2025-07-16,1.8259411492162128,1.0851830128999373
2025-07-17,1.8204268034482405,1.0819057581224607
2025-07-18,1.812275185736704,1.0770611348047756
2025-07-21,1.8065212210031283,1.0736414710393898
2025-07-22,1.8048429736677003,1.0725678295683503
2025-07-23,1.8242627189655438,1.0725678295683503
2025-07-24,1.7945336877742883,1.0725678295683503
2025-07-25,1.850155834639496,1.104739845412851
2025-07-28,1.9132103764889479,1.1423901143854183
2025-07-29,1.9429394076802033,1.160141508461313
2025-07-30,1.908175451567423,1.1393837286122142
2025-07-31,1.8571086258620517,1.1088914013826705
2025-08-01,1.8247423227272321,1.107782509981288
2025-08-04,1.798609405172436,1.107782509981288
2025-08-05,1.7691201758620245,1.107782509981288
2025-08-06,1.7602493354231963,1.107782509981288
2025-08-07,1.7573724445140289,1.107782509981288
2025-08-08,1.7693599777428686,1.107782509981288
2025-08-11,1.748981024921648,1.107782509981288
2025-08-12,1.7372332935736523,1.107782509981288
2025-08-13,1.7679213493730437,1.107782509981288
2025-08-14,1.7453849112851885,1.0925533572192558
2025-08-15,1.7542555688087758,1.0981060960996447
2025-08-18,1.7333973780563485,1.085049557003461
2025-08-19,1.7626468054859155,1.1033587333509198
2025-08-20,1.7772716106583195,1.1125133787741017
2025-08-21,1.7894989457680035,1.1201672870539054
2025-08-22,1.8161112841692475,1.136825732692882
2025-08-25,1.7753537443572882,1.1113128577587421
2025-08-26,1.7904579703761399,1.1207676048110378
2025-08-27,1.8038839490595635,1.1291718244130782
2025-08-28,1.7942938858934434,1.1231687613406616
2025-08-29,1.8403261525077717,1.1519834411884802
2025-09-02,1.7940542669278399,1.1230187677755568
2025-09-03,1.7784704371473,1.1218957490077812
2025-09-04,1.7413090109717997,1.1218957490077812
2025-09-05,1.751138876018764,1.1218957490077812
2025-09-08,1.7595301126959038,1.1218957490077812
2025-09-09,1.7911771931034313,1.1218957490077812
2025-09-10,1.7501798514106277,1.1218957490077812
2025-09-11,1.7576120634796313,1.1218957490077812
2025-09-12,1.77966926363628,1.1218957490077812
2025-09-15,1.8141932349529755,1.1218957490077812
2025-09-16,1.797410761598696,1.1218957490077812
2025-09-17,1.7906977722569843,1.1165837847632993
2025-09-18,1.762646805485916,1.099092695463494
2025-09-19,1.760968558150488,1.0980462297836941
2025-09-22,1.7993288108149683,1.1219656408469
2025-09-23,1.8314553120689436,1.1419980164476995
2025-09-24,1.8458403153605032,1.1509677385682993
2025-09-25,1.8465595380877948,1.1514162075658985
2025-09-26,1.788300119279023,1.115088736029695
2025-09-29,1.7681611512538877,1.1139736472936654
2025-09-30,1.7535363460814837,1.1139736472936654
2025-10-01,1.715176276332244,1.0884905712297093
2025-10-02,1.7192519937303916,1.0874020806584797
2025-10-03,1.7470631586206158,1.0874020806584797
2025-10-06,1.754974791536067,1.0874020806584797
2025-10-07,1.7628866073667588,1.0874020806584797
2025-10-08,1.7384321200626314,1.0874020806584797
2025-10-09,1.6636298468651836,1.0874020806584797
2025-10-10,1.6849676413792996,1.0874020806584797
2025-10-13,1.6542795855799077,1.0665099921802204
2025-10-14,1.6540397836990635,1.06544348218804
2025-10-15,1.6257491979623915,1.06544348218804
2025-10-16,1.62982509827578,1.06544348218804
2025-10-17,1.62622880172408,1.06544348218804
2025-10-20,1.6367777065830955,1.06544348218804
2025-10-21,1.693358878056439,1.06544348218804
2025-10-22,1.757132642633183,1.06544348218804
2025-10-23,1.7544953706896191,1.06544348218804
2025-10-24,1.7530569252350354,1.0635045212491108
2025-10-27,1.7115799797805433,1.038342235653313
2025-10-28,1.7214098448275077,1.0443055935855226
2025-10-29,1.7192519937303912,1.0429965177848848
2025-10-30,1.7396307636363708,1.055359444293731
2025-10-31,1.743946282915363,1.0579774849281678
2025-11-03,1.7245265376175194,1.0569195074432396
2025-11-04,1.7029489412225594,1.0569195074432396
2025-11-05,1.6993526446708591,1.0569195074432396
2025-11-06,1.7084632869905316,1.0615289901526623
2025-11-07,1.7185327710030993,1.0677855186227874
2025-11-10,1.743466862068915,1.0832779560143417
2025-11-11,1.6732199100313037,1.039631026855482
2025-11-12,1.6746583554858874,1.0385913958286266
2025-11-13,1.711340177899699,1.0385913958286266
2025-11-14,1.7094223115986678,1.0385913958286266
2025-11-17,1.738192318181787,1.0550325583194875
2025-11-18,1.6993526446708591,1.0314579977372664
2025-11-19,1.6818509485892879,1.0304265397395291
2025-11-20,1.6614721786833082,1.0304265397395291
2025-11-21,1.6883241360501553,1.0304265397395291
2025-11-24,1.6602733521943276,1.0304265397395291
2025-11-25,1.6792136766457235,1.0304265397395291
2025-11-26,1.7039079658306953,1.0304265397395291
2025-11-28,1.703668163949851,1.0304265397395291
2025-12-01,1.683049592163027,1.0304265397395291
2025-12-02,1.6940782836989718,1.0304265397395291
2025-12-03,1.711579979780543,1.0400415552117899
2025-12-04,1.7242867357366747,1.0477628153237517
2025-12-05,1.6900023833855828,1.026929929008249
2025-12-08,1.6748981573667312,1.0177518462399924
2025-12-09,1.6912012098745632,1.0276583959106185
2025-12-10,1.6602733521943274,1.0088650835436173
2025-12-11,1.6497242644200711,1.0024549304777874
2025-12-12,1.6276672471786635,0.9890519842023652
2025-12-15,1.5864301036050157,0.9880629322181628
2025-12-16,1.62982509827578,0.9880629322181628
2025-12-17,1.610884773824384,0.9880629322181628
2025-12-18,1.6310237418495195,0.9880629322181628
2025-12-19,1.6717814645767197,0.9880629322181628
2025-12-22,1.6854472451409876,0.9880629322181628
2025-12-23,1.6830495921630269,0.9880629322181628
2025-12-24,1.64181263150462,0.9628660090992723
2025-12-26,1.6689043907523113,0.9787543836955848
2025-12-29,1.6720210835423233,0.9805822156239803
2025-12-30,1.658115684012452,0.9724271824043931
2025-12-31,1.6470869924765075,0.9659592383765352
